{
  "name": "add_8_bit",
  "circuits": [
    {
      "id": "8-bit full adder",    
      "alice":[72, 62, 52, 42, 32, 22, 12, 2],
      "bob":  [73, 63, 53, 43, 33, 23, 13, 3],
      "out":  [78, 75, 65, 55, 45, 35, 25, 15, 5],
      "gates": [

        {"id": 8, "type": "AND", "in": [2, 3]},
        {"id": 5, "type": "XOR", "in": [2, 3]},

        {"id": 14, "type": "XOR", "in": [12, 13]},
        {"id": 15, "type": "XOR", "in": [8, 14]},
        {"id": 16, "type": "AND", "in": [12, 13]},
        {"id": 17, "type": "AND", "in": [8, 14]},
        {"id": 18, "type": "OR", "in": [16, 17]},

        {"id": 24, "type": "XOR", "in": [22, 23]},
        {"id": 25, "type": "XOR", "in": [18, 24]},
        {"id": 26, "type": "AND", "in": [22, 23]},
        {"id": 27, "type": "AND", "in": [18, 24]},
        {"id": 28, "type": "OR", "in": [26, 27]},

        {"id": 34, "type": "XOR", "in": [32, 33]},
        {"id": 35, "type": "XOR", "in": [28, 34]},
        {"id": 36, "type": "AND", "in": [32, 33]},
        {"id": 37, "type": "AND", "in": [28, 34]},
        {"id": 38, "type": "OR", "in": [36, 37]},

        {"id": 44, "type": "XOR", "in": [42, 43]},
        {"id": 45, "type": "XOR", "in": [38, 44]},
        {"id": 46, "type": "AND", "in": [42, 43]},
        {"id": 47, "type": "AND", "in": [38, 44]},
        {"id": 48, "type": "OR", "in": [46, 47]},

        {"id": 54, "type": "XOR", "in": [52, 53]},
        {"id": 55, "type": "XOR", "in": [48, 54]},
        {"id": 56, "type": "AND", "in": [52, 53]},
        {"id": 57, "type": "AND", "in": [48, 54]},
        {"id": 58, "type": "OR", "in": [56, 57]},

        {"id": 64, "type": "XOR", "in": [62, 63]},
        {"id": 65, "type": "XOR", "in": [58, 64]},
        {"id": 66, "type": "AND", "in": [62, 63]},
        {"id": 67, "type": "AND", "in": [58, 64]},
        {"id": 68, "type": "OR", "in": [66, 67]},

        {"id": 74, "type": "XOR", "in": [72, 73]},
        {"id": 75, "type": "XOR", "in": [68, 74]},
        {"id": 76, "type": "AND", "in": [72, 73]},
        {"id": 77, "type": "AND", "in": [68, 74]},
        {"id": 78, "type": "OR", "in": [76, 77]}
      ]
    }
  ]
}
